{
 "Name": "Lock_Down_Regions",
 "Description": "Prevents users from accessing resources that are not in us-east-1, us-east-2, us-west-1, or us-west-2 regions."
},
{
    "Version": "2012-10-17",
    "Statement": [
        {
            "Effect": "Deny",
            "Action": "*",
            "Resource": "*",
            "Condition": {
                "StringNotLike": {
                    "aws:RequestedRegion": [
                        "us-east-1",
                        "us-east-2",
                        "us-west-1",
                        "us-west-2"
                    ]
                }
            }
        }
    ]
}
