{
  "AWSTemplateFormatVersion":"2010-09-09",
  "Description":"CHOCO",
  "Resources":{
     "MyEC2Instance1":{
        "Type":"AWS::EC2::Instance",
        "Metadata" : {
           "AWS::CloudFormation::Init": {
              "configSet" : {
                 "config" : [
                    "extract",
                    "prereq",
                    "install"
                 ]
              },
              "extract" : {
                    "command" : "powershell.exe -Command Set-ExecutionPolicy -Force remotesigned"
                 },
              "prereq" : {
                    "command" : "powershell.exe -Command Invoke-WebRequest -Uri https://piettopatchmgr.s3.us-east-2.amazonaws.com/chocoserverinstall.ps1 -OutFile C:chocoserverinstall.ps1"
                 },
              "install" : {
                    "command" : "powershell.exe -File chocoserverinstall.ps1"
                 }
              }
           },
        
      
     
   "Properties":{
        "AvailabilityZone":"us-east-1a",
        "DisableApiTermination":false,
        "ImageId":"ami-06bee8e1000e44ca4",
        "InstanceType":"t3.medium",
        "KeyName":"rds",
        "SecurityGroupIds":[
           "sg-01d044cb1e6566ef0"
        ],
        "SubnetId":"subnet-36c3a56b",
        "Tags":[
           {
              "Key":"Name",
              "Value":"CHOCOSERVER"
           },
           {
              "Key":"Function",
              "Value":"CRISPAPPSREPO"
           }
        ],
        "UserData":{
           "Fn::Base64":{
              "Fn::Join":[
                 "",
                 [
                    "<script>\n",
                    "cfn-init.exe -v ",
                    "       --stack RDSstack", 
                    "       --configsets config ",
                    "       --region us-east-1",  
                    "\n",
                             
                    "<script>"
                    ]]}
                }
                     }     
        }      
        }
    }    
      