{
"AWSTemplateFormatVersion" : "2010-09-09",
    "Description": "RDS",
    "Parameters" : {
        "InstanceTypeParameter" : {
          "Type" : "String",
          "Default" : "t3.large",
          "AllowedValues" : ["t3.large", "t2.large"],
          "Description" : "Enter t2.micro, m1.small, or m1.large. Default is t2.micro."
        },
        "VPCid" : {
         "Type" : "String",
         "Default" : "vpc-e6575f9e",
         "AllowedValues" : ["vpc-2825304d", "vpc-cabc1aaf", "vpc-e6575f9e"],
         "Description" : "Pick VPC"
        },
        "ImageId" : {
         "Type" : "String",
         "Default" : "ami-f9700b98",
         "AllowedValues" : ["ami-dad1bebb", "ami-f9700b98", "ami-05f41", "ami-06bee8e1000e44ca4"],
         "Description" : "Dont forget to crisp"
        },
        "KeyName" : {
        "Type" : "String",
        "Default" : "RDS",
        "Description" : "Enter your key."
        },
        "SubnetId" : {
        "Type" : "String",
        "Default" : "subnet-3cfd5258",
        "AllowedValues" : ["subnet-1a92b951", "subnet-3cfd5258","subnet-c0e54aa4","subnet-7209ae04","subnet-3cfd5258","subnet-c71cbbb1"],
        "Description" : "Enter your subnet."
        },
        "SecurityGroup" : {
        "Type" : "String",
        "Default" : "sg-04e25b63",
        "AllowedValues" : ["sg-aaa744c3", "sg-04e25b63", "sg-aaa744c5", "sg-aaa744c7", "sg-004f61ce14524d34e"],
        "Description" : "Enter your security group."
        }
    },

    "Resources": {
       "MyEC2Instance1": {
          "Type" : "AWS::EC2::Instance",
          "Properties" : {
          "AvailabilityZone" : "us-gov-west-1a",
          "DisableApiTermination" : false,
          "ImageId" : {"Ref" : "ImageId"},
          "InstanceType" : {"Ref" : "InstanceTypeParameter"},
          "KeyName" : {"Ref" : "KeyName"},
          "SecurityGroupIds" : [{"Ref" : "SecurityGroup"}],
          "SubnetId" : {"Ref" : "SubnetId"},
          "Tags" : [
              {
              "Key" : "Name",
              "Value": "RDS Gateway 1"
              }
                   ]
          }
      },
       "MyEC2Instance2": {
          "Type" : "AWS::EC2::Instance",
          "Properties" : {
          "AvailabilityZone" : "us-gov-west-1a",
          "DisableApiTermination" : false,
          "ImageId" : {"Ref" : "ImageId"},
          "InstanceType" : {"Ref" : "InstanceTypeParameter"},
          "KeyName" : {"Ref" : "KeyName"},
          "SecurityGroupIds" : [{"Ref" : "SecurityGroup"}],
          "SubnetId" : {"Ref" : "SubnetId"},
          "Tags" : [
              {
              "Key" : "Name",
              "Value": "RDS Gateway 2"
              }
                   ]
          }
      },

        "RDPLoadBalancer": {
          "Type" : "AWS::ElasticLoadBalancing::LoadBalancer",
          "Properties" : {
          "Instances" : [
           { "Ref" : "MyEC2Instance1" },
           { "Ref" : "MyEC2Instance2" }
           ],
          "Listeners" : [ {
          "LoadBalancerPort" : "3389",
          "InstancePort" : "3389",
          "Protocol" : "TCP"}],
          "Scheme" : "internal",
          "Subnets" : [{"Ref" : "SubnetId"}],
          "LoadBalancerName" : "ELB1",
          "SecurityGroups" : [{"Ref" : "SecurityGroup"}]

          }
      },


    "MyEC2Instance3": {
        "Type" : "AWS::EC2::Instance",
        "Properties" : {
        "AvailabilityZone" : "us-gov-west-1a",
        "DisableApiTermination" : false,
        "ImageId" : {"Ref" : "ImageId"},
        "InstanceType" : {"Ref" : "InstanceTypeParameter"},
        "KeyName" : {"Ref" : "KeyName"},
        "SecurityGroupIds" : [{"Ref" : "SecurityGroup"}],
        "SubnetId" : {"Ref" : "SubnetId"},
        "Tags" : [
            {
            "Key" : "Name",
            "Value": "RDS CB 1"
            }
                 ]
        }
    },
     "MyEC2Instance4": {
        "Type" : "AWS::EC2::Instance",
        "Properties" : {
        "AvailabilityZone" : "us-gov-west-1a",
        "DisableApiTermination" : false,
        "ImageId" : {"Ref" : "ImageId"},
        "InstanceType" : {"Ref" : "InstanceTypeParameter"},
        "KeyName" : {"Ref" : "KeyName"},
        "SecurityGroupIds" : [{"Ref" : "SecurityGroup"}],
        "SubnetId" : {"Ref" : "SubnetId"},
        "Tags" : [
            {
            "Key" : "Name",
            "Value": "RDS CB 2"
            }
                 ]
        }
    },
    "WebAccessloadbalancer": {
        "Type" : "AWS::ElasticLoadBalancing::LoadBalancer",
          "Properties" : {
          "Instances" : [
           { "Ref" : "MyEC2Instance3" },
           { "Ref" : "MyEC2Instance4" }
           ],
          "Listeners" : [ {
          "LoadBalancerPort" : "80",
          "InstancePort" : "80",
          "Protocol" : "HTTP" }],
          "Scheme" : "internal",
          "Subnets" : [{"Ref" : "SubnetId"}],
          "LoadBalancerName" : "ELB2",
          "SecurityGroups" : [{"Ref" : "SecurityGroup"}]
          }
        },

        "MyEC2Instance5": {
            "Type" : "AWS::EC2::Instance",
            "Properties" : {
            "AvailabilityZone" : "us-gov-west-1a",
            "DisableApiTermination" : false,
            "ImageId" : {"Ref" : "ImageId"},
            "InstanceType" : {"Ref" : "InstanceTypeParameter"},
            "KeyName" : {"Ref" : "KeyName"},
            "SecurityGroupIds" : [{"Ref" : "SecurityGroup"}],
            "SubnetId" : {"Ref" : "SubnetId"},
            "Tags" : [
                {
                "Key" : "Name",
                "Value": "RDS Connection Broker 1"
                }
                     ]
            }
        },
         "MyEC2Instance6": {
            "Type" : "AWS::EC2::Instance",
            "Properties" : {
            "AvailabilityZone" : "us-gov-west-1a",
            "DisableApiTermination" : false,
            "ImageId" : {"Ref" : "ImageId"},
            "InstanceType" : {"Ref" : "InstanceTypeParameter"},
            "KeyName" : {"Ref" : "KeyName"},
            "SecurityGroupIds" : [{"Ref" : "SecurityGroup"}],
            "SubnetId" : {"Ref" : "SubnetId"},
            "Tags" : [
                {
                "Key" : "Name",
                "Value": "RDS Connection Broker 2"
                }
                     ]
            }
        },

        "RDPinternalloadbalancer": {
            "Type" : "AWS::ElasticLoadBalancing::LoadBalancer",
              "Properties" : {
              "Instances" : [
               { "Ref" : "MyEC2Instance3" },
               { "Ref" : "MyEC2Instance4" }
               ],
              "Listeners" : [ {
              "LoadBalancerPort" : "3389",
              "InstancePort" : "3389",
              "Protocol" : "TCP" }],
              "Scheme" : "internal",
              "Subnets" : [{"Ref" : "SubnetId"}],
              "LoadBalancerName" : "ELB3",
              "SecurityGroups" : [{"Ref" : "SecurityGroup"}]
              }
            }


        }
}
