{
  "AWSTemplateFormatVersion": "2010-09-09",
  "Description": "RDS Farm with Domain Add",
  "Resources": {
     "MyEC2Instance1": {
        "Type" : "AWS::EC2::Instance",
        "Properties" : {
        "AvailabilityZone" : "us-gov-west-1a",
        "DisableApiTermination" : false,
        "ImageId" :  "!Ref pAmiIdApp",
        "InstanceType" : "!Ref pInstanceTypeApp",
        "KeyName" : "!Ref pKeyPairName",
        "SecurityGroupIds" : ["sg-04235f63"],
        "SubnetId" : "!Ref pSubnetIds",
        "Tags" : [ {"Key" : "Name",
                   "Value": "RDP1"} ]
        }
    },
    "MyEC2Instance2": {
        "Type" : "AWS::EC2::Instance",
        "Properties" : {
        "AvailabilityZone" : "us-gov-west-1a",
        "DisableApiTermination" : false,
        "ImageId" :  "!Ref pAmiIdApp",
        "InstanceType" : "!Ref pInstanceTypeApp",
        "KeyName" : "!Ref pKeyPairName,
        "SecurityGroupIds" : ["sg-04235f63"],
        "SubnetId" : "!Ref pSubnetIds",
        "Tags" : [ {"Key" : "Name",
                   "Value": "RDP2"} ]
        }
    },
       "RDPinternalloadbalancer1": {
            "Type" : "AWS::ElasticLoadBalancing::LoadBalancer",
            "Properties" : {
            "Subnets" : ["!Ref pSubnetIds"],
            "Instances" : [ 
             { "Ref" : "MyEC2Instance1" },
             { "Ref" : "MyEC2Instance2" }
                 ],
            "Listeners" : [ {
            "LoadBalancerPort" : "3389",
            "InstancePort" : "3389",
            "Protocol" : "TCP" }],
            "Scheme" : "internal", 
            "LoadBalancerName" : "CUSTOMERFACING-RDS",
            "SecurityGroups" : [ "sg-04235f63" ]
                }
        },     

    "MyEC2Instance3": {
        "Type" : "AWS::EC2::Instance",
        "Properties" : {
        "AvailabilityZone" : "us-gov-west-1a",
        "DisableApiTermination" : false,
        "ImageId" :  "!Ref pAmiIdApp",
        "InstanceType" : "!Ref pInstanceTypeApp",
        "KeyName" : "!Ref pKeyPairName",
        "SecurityGroupIds" : ["sg-04235f63"],
        "SubnetId" : "!Ref pSubnetIds",
        "Tags" : [ {"Key" : "Name",
                   "Value": "RDCD1"} ]
        }
    },
    "MyEC2Instance4": {
        "Type" : "AWS::EC2::Instance",
        "Properties" : {
        "AvailabilityZone" : "us-gov-west-1a",
        "DisableApiTermination" : false,
        "ImageId" :  "!Ref pAmiIdApp",
        "InstanceType" : "!Ref pInstanceTypeApp",
        "KeyName" : "!Ref pKeyPairName",
        "SecurityGroupIds" : ["sg-04235f63"],
        "SubnetId" : "!Ref pSubnetIds",
        "Tags" : [ {"Key" : "Name",
                   "Value": "RDCD2"} ]
        }
    },
    "RDPinternalloadbalancer2": {
        "Type" : "AWS::ElasticLoadBalancing::LoadBalancer",
        "Properties" : {
        "Subnets" : ["!Ref pSubnetIds"],
        "Instances" : [ 
         { "Ref" : "MyEC2Instance3" },
         { "Ref" : "MyEC2Instance4" }
             ],
        "Listeners" : [ {
        "LoadBalancerPort" : "3389",
        "InstancePort" : "3389",
        "Protocol" : "TCP" }],
        "Scheme" : "internal", 
        "LoadBalancerName" : "BACKEND-RDS",
        "SecurityGroups" : [ "sg-04235f63" ]
            }
    },     
    "MyEC2Instance5": {
        "Type" : "AWS::EC2::Instance",
        "Properties" : {
        "AvailabilityZone" : "us-gov-west-1a",
        "DisableApiTermination" : false,
        "ImageId" :  "!Ref pAmiIdApp",
        "InstanceType" : "!Ref pInstanceTypeApp",
        "KeyName" : "!Ref pKeyPairName",
        "SecurityGroupIds" : ["sg-04235f63"],
        "SubnetId" : "!Ref pSubnetIds",
        "Tags" : [ {"Key" : "Name",
                   "Value": "RDSH01"} ]
        }
    },
    "MyEC2Instance6": {
        "Type" : "AWS::EC2::Instance",
        "Properties" : {
        "AvailabilityZone" : "us-gov-west-1a",
        "DisableApiTermination" : false,
        "ImageId" :  "!Ref pAmiIdApp",
        "InstanceType" : "!Ref pInstanceTypeApp",
        "KeyName" : "!Ref pKeyPairName",
        "SecurityGroupIds" : ["sg-04235f63"],
        "SubnetId" : "!Ref pSubnetIds",
        "Tags" : [ {"Key" : "Name",
                   "Value": "RDSH02"} ]
        }
    }  
   }
}
  
