<mxfile modified="2019-09-13T13:47:42.848Z" host="www.draw.io" agent="Mozilla/5.0 (Windows NT 10.0; Win64; x64) AppleWebKit/537.36 (KHTML, like Gecko) Chrome/76.0.3809.100 Safari/537.36" etag="nipI3Tl4Z8T1kTmzbQ6M" pages="1" compressed="false" version="11.2.8" type="device">
  <diagram id="rr2YCnPXCuE9ulmTrfjF" name="Page-1">
    <mxGraphModel dx="1408" dy="748" grid="1" gridSize="10" guides="1" tooltips="1" connect="1" arrows="1" fold="1" page="1" pageScale="1" pageWidth="850" pageHeight="1100" math="0" shadow="0">
      <root>
        <mxCell id="0"/>
        <mxCell id="1" parent="0"/>
        <mxCell id="MSJpkLhGvrQBcGJtNYs2-32" value="" style="edgeStyle=orthogonalEdgeStyle;rounded=0;orthogonalLoop=1;jettySize=auto;html=1;entryX=0.5;entryY=0;entryDx=0;entryDy=0;entryPerimeter=0;" edge="1" parent="1" source="MSJpkLhGvrQBcGJtNYs2-34" target="MSJpkLhGvrQBcGJtNYs2-36">
          <mxGeometry relative="1" as="geometry">
            <mxPoint x="303" y="260" as="targetPoint"/>
          </mxGeometry>
        </mxCell>
        <mxCell id="MSJpkLhGvrQBcGJtNYs2-33" style="edgeStyle=orthogonalEdgeStyle;rounded=0;orthogonalLoop=1;jettySize=auto;html=1;exitX=1;exitY=0.5;exitDx=0;exitDy=0;exitPerimeter=0;entryX=0;entryY=0.5;entryDx=0;entryDy=0;entryPerimeter=0;" edge="1" parent="1" source="MSJpkLhGvrQBcGJtNYs2-50" target="MSJpkLhGvrQBcGJtNYs2-46">
          <mxGeometry relative="1" as="geometry"/>
        </mxCell>
        <mxCell id="MSJpkLhGvrQBcGJtNYs2-34" value="VMWARE" style="strokeWidth=2;html=1;shape=mxgraph.flowchart.decision;whiteSpace=wrap;" vertex="1" parent="1">
          <mxGeometry x="268" y="98" width="125" height="100" as="geometry"/>
        </mxCell>
        <mxCell id="MSJpkLhGvrQBcGJtNYs2-35" value="" style="edgeStyle=orthogonalEdgeStyle;rounded=0;orthogonalLoop=1;jettySize=auto;html=1;" edge="1" parent="1" source="MSJpkLhGvrQBcGJtNYs2-36" target="MSJpkLhGvrQBcGJtNYs2-39">
          <mxGeometry relative="1" as="geometry"/>
        </mxCell>
        <mxCell id="MSJpkLhGvrQBcGJtNYs2-36" value="HYPER V" style="strokeWidth=2;html=1;shape=mxgraph.flowchart.decision;whiteSpace=wrap;" vertex="1" parent="1">
          <mxGeometry x="259" y="433" width="115" height="100" as="geometry"/>
        </mxCell>
        <mxCell id="MSJpkLhGvrQBcGJtNYs2-37" style="edgeStyle=orthogonalEdgeStyle;rounded=0;orthogonalLoop=1;jettySize=auto;html=1;exitX=0.5;exitY=1;exitDx=0;exitDy=0;exitPerimeter=0;entryX=0;entryY=0.5;entryDx=0;entryDy=0;" edge="1" parent="1" source="MSJpkLhGvrQBcGJtNYs2-93" target="MSJpkLhGvrQBcGJtNYs2-52">
          <mxGeometry relative="1" as="geometry">
            <Array as="points">
              <mxPoint x="472" y="684"/>
            </Array>
          </mxGeometry>
        </mxCell>
        <mxCell id="MSJpkLhGvrQBcGJtNYs2-95" style="edgeStyle=orthogonalEdgeStyle;rounded=0;orthogonalLoop=1;jettySize=auto;html=1;exitX=0.5;exitY=1;exitDx=0;exitDy=0;exitPerimeter=0;entryX=0.5;entryY=0;entryDx=0;entryDy=0;entryPerimeter=0;" edge="1" parent="1" source="MSJpkLhGvrQBcGJtNYs2-39" target="MSJpkLhGvrQBcGJtNYs2-93">
          <mxGeometry relative="1" as="geometry"/>
        </mxCell>
        <mxCell id="MSJpkLhGvrQBcGJtNYs2-97" style="edgeStyle=orthogonalEdgeStyle;rounded=0;orthogonalLoop=1;jettySize=auto;html=1;exitX=1;exitY=0.5;exitDx=0;exitDy=0;exitPerimeter=0;entryX=0;entryY=0.25;entryDx=0;entryDy=0;" edge="1" parent="1" source="MSJpkLhGvrQBcGJtNYs2-39" target="MSJpkLhGvrQBcGJtNYs2-42">
          <mxGeometry relative="1" as="geometry"/>
        </mxCell>
        <mxCell id="MSJpkLhGvrQBcGJtNYs2-39" value="Multi VM App" style="strokeWidth=2;html=1;shape=mxgraph.flowchart.decision;whiteSpace=wrap;" vertex="1" parent="1">
          <mxGeometry x="398" y="433" width="120" height="100" as="geometry"/>
        </mxCell>
        <mxCell id="MSJpkLhGvrQBcGJtNYs2-42" value="AWS Server Migration Services" style="rounded=1;whiteSpace=wrap;html=1;absoluteArcSize=1;arcSize=14;strokeWidth=2;" vertex="1" parent="1">
          <mxGeometry x="840" y="500" width="100" height="100" as="geometry"/>
        </mxCell>
        <mxCell id="MSJpkLhGvrQBcGJtNYs2-43" value="AWS Server Migration Services" style="rounded=1;whiteSpace=wrap;html=1;absoluteArcSize=1;arcSize=14;strokeWidth=2;" vertex="1" parent="1">
          <mxGeometry x="857.5" y="228" width="100" height="100" as="geometry"/>
        </mxCell>
        <mxCell id="MSJpkLhGvrQBcGJtNYs2-82" style="edgeStyle=orthogonalEdgeStyle;rounded=0;orthogonalLoop=1;jettySize=auto;html=1;exitX=0.5;exitY=1;exitDx=0;exitDy=0;exitPerimeter=0;entryX=0.5;entryY=0;entryDx=0;entryDy=0;entryPerimeter=0;" edge="1" parent="1" source="MSJpkLhGvrQBcGJtNYs2-46" target="MSJpkLhGvrQBcGJtNYs2-73">
          <mxGeometry relative="1" as="geometry"/>
        </mxCell>
        <mxCell id="MSJpkLhGvrQBcGJtNYs2-90" style="edgeStyle=orthogonalEdgeStyle;rounded=0;orthogonalLoop=1;jettySize=auto;html=1;exitX=1;exitY=0.5;exitDx=0;exitDy=0;exitPerimeter=0;entryX=0;entryY=0.64;entryDx=0;entryDy=0;entryPerimeter=0;" edge="1" parent="1" source="MSJpkLhGvrQBcGJtNYs2-46" target="MSJpkLhGvrQBcGJtNYs2-47">
          <mxGeometry relative="1" as="geometry"/>
        </mxCell>
        <mxCell id="MSJpkLhGvrQBcGJtNYs2-46" value="Live Migration" style="strokeWidth=2;html=1;shape=mxgraph.flowchart.decision;whiteSpace=wrap;" vertex="1" parent="1">
          <mxGeometry x="591.5" y="84" width="125" height="100" as="geometry"/>
        </mxCell>
        <mxCell id="MSJpkLhGvrQBcGJtNYs2-47" value="VMC on AWS" style="rounded=1;whiteSpace=wrap;html=1;absoluteArcSize=1;arcSize=14;strokeWidth=2;" vertex="1" parent="1">
          <mxGeometry x="840" y="70" width="100" height="100" as="geometry"/>
        </mxCell>
        <mxCell id="MSJpkLhGvrQBcGJtNYs2-51" value="VM Import&amp;nbsp;" style="rounded=1;whiteSpace=wrap;html=1;absoluteArcSize=1;arcSize=14;strokeWidth=2;" vertex="1" parent="1">
          <mxGeometry x="857.5" y="352" width="100" height="100" as="geometry"/>
        </mxCell>
        <mxCell id="MSJpkLhGvrQBcGJtNYs2-52" value="VM Import" style="rounded=1;whiteSpace=wrap;html=1;absoluteArcSize=1;arcSize=14;strokeWidth=2;" vertex="1" parent="1">
          <mxGeometry x="840" y="620" width="100" height="100" as="geometry"/>
        </mxCell>
        <mxCell id="MSJpkLhGvrQBcGJtNYs2-53" value="Yes" style="text;html=1;strokeColor=none;fillColor=none;align=center;verticalAlign=middle;whiteSpace=wrap;rounded=0;" vertex="1" parent="1">
          <mxGeometry x="350" y="90" width="40" height="20" as="geometry"/>
        </mxCell>
        <mxCell id="MSJpkLhGvrQBcGJtNYs2-54" value="Yes" style="text;html=1;strokeColor=none;fillColor=none;align=center;verticalAlign=middle;whiteSpace=wrap;rounded=0;" vertex="1" parent="1">
          <mxGeometry x="803.5" y="104" width="40" height="20" as="geometry"/>
        </mxCell>
        <mxCell id="MSJpkLhGvrQBcGJtNYs2-56" value="Yes" style="text;html=1;strokeColor=none;fillColor=none;align=center;verticalAlign=middle;whiteSpace=wrap;rounded=0;" vertex="1" parent="1">
          <mxGeometry x="361.5" y="453" width="40" height="20" as="geometry"/>
        </mxCell>
        <mxCell id="MSJpkLhGvrQBcGJtNYs2-57" value="Yes" style="text;html=1;strokeColor=none;fillColor=none;align=center;verticalAlign=middle;whiteSpace=wrap;rounded=0;" vertex="1" parent="1">
          <mxGeometry x="511.5" y="453" width="40" height="20" as="geometry"/>
        </mxCell>
        <mxCell id="MSJpkLhGvrQBcGJtNYs2-58" value="No" style="text;html=1;strokeColor=none;fillColor=none;align=center;verticalAlign=middle;whiteSpace=wrap;rounded=0;" vertex="1" parent="1">
          <mxGeometry x="459" y="573" width="40" height="20" as="geometry"/>
        </mxCell>
        <mxCell id="MSJpkLhGvrQBcGJtNYs2-59" value="No" style="text;html=1;strokeColor=none;fillColor=none;align=center;verticalAlign=middle;whiteSpace=wrap;rounded=0;" vertex="1" parent="1">
          <mxGeometry x="474.5" y="244" width="40" height="20" as="geometry"/>
        </mxCell>
        <mxCell id="MSJpkLhGvrQBcGJtNYs2-61" value="Yes" style="text;html=1;strokeColor=none;fillColor=none;align=center;verticalAlign=middle;whiteSpace=wrap;rounded=0;" vertex="1" parent="1">
          <mxGeometry x="544" y="104" width="40" height="20" as="geometry"/>
        </mxCell>
        <mxCell id="MSJpkLhGvrQBcGJtNYs2-65" value="No" style="text;html=1;strokeColor=none;fillColor=none;align=center;verticalAlign=middle;whiteSpace=wrap;rounded=0;" vertex="1" parent="1">
          <mxGeometry x="316.5" y="318" width="40" height="20" as="geometry"/>
        </mxCell>
        <mxCell id="MSJpkLhGvrQBcGJtNYs2-81" style="edgeStyle=orthogonalEdgeStyle;rounded=0;orthogonalLoop=1;jettySize=auto;html=1;exitX=0.5;exitY=1;exitDx=0;exitDy=0;exitPerimeter=0;entryX=0;entryY=0.5;entryDx=0;entryDy=0;entryPerimeter=0;" edge="1" parent="1" source="MSJpkLhGvrQBcGJtNYs2-50" target="MSJpkLhGvrQBcGJtNYs2-73">
          <mxGeometry relative="1" as="geometry"/>
        </mxCell>
        <mxCell id="MSJpkLhGvrQBcGJtNYs2-50" value="&lt;span style=&quot;white-space: normal&quot;&gt;&amp;gt; 10 VM Migrations&lt;/span&gt;" style="strokeWidth=2;html=1;shape=mxgraph.flowchart.decision;whiteSpace=wrap;" vertex="1" parent="1">
          <mxGeometry x="412" y="84" width="125" height="100" as="geometry"/>
        </mxCell>
        <mxCell id="MSJpkLhGvrQBcGJtNYs2-78" style="edgeStyle=orthogonalEdgeStyle;rounded=0;orthogonalLoop=1;jettySize=auto;html=1;exitX=0.5;exitY=1;exitDx=0;exitDy=0;exitPerimeter=0;entryX=0;entryY=0.5;entryDx=0;entryDy=0;" edge="1" parent="1" source="MSJpkLhGvrQBcGJtNYs2-73" target="MSJpkLhGvrQBcGJtNYs2-51">
          <mxGeometry relative="1" as="geometry"/>
        </mxCell>
        <mxCell id="MSJpkLhGvrQBcGJtNYs2-92" style="edgeStyle=orthogonalEdgeStyle;rounded=0;orthogonalLoop=1;jettySize=auto;html=1;exitX=1;exitY=0.5;exitDx=0;exitDy=0;exitPerimeter=0;entryX=0;entryY=0.5;entryDx=0;entryDy=0;" edge="1" parent="1" source="MSJpkLhGvrQBcGJtNYs2-73" target="MSJpkLhGvrQBcGJtNYs2-43">
          <mxGeometry relative="1" as="geometry"/>
        </mxCell>
        <mxCell id="MSJpkLhGvrQBcGJtNYs2-73" value="&lt;span style=&quot;white-space: normal&quot;&gt;Multi VM App&lt;/span&gt;" style="strokeWidth=2;html=1;shape=mxgraph.flowchart.decision;whiteSpace=wrap;" vertex="1" parent="1">
          <mxGeometry x="591.5" y="214" width="125" height="100" as="geometry"/>
        </mxCell>
        <mxCell id="MSJpkLhGvrQBcGJtNYs2-70" style="edgeStyle=orthogonalEdgeStyle;rounded=0;orthogonalLoop=1;jettySize=auto;html=1;exitX=1;exitY=0.5;exitDx=0;exitDy=0;exitPerimeter=0;entryX=0;entryY=0.5;entryDx=0;entryDy=0;entryPerimeter=0;" edge="1" parent="1" source="MSJpkLhGvrQBcGJtNYs2-34" target="MSJpkLhGvrQBcGJtNYs2-50">
          <mxGeometry relative="1" as="geometry">
            <mxPoint x="379" y="134" as="sourcePoint"/>
            <mxPoint x="482" y="134" as="targetPoint"/>
          </mxGeometry>
        </mxCell>
        <mxCell id="MSJpkLhGvrQBcGJtNYs2-79" value="No" style="text;html=1;strokeColor=none;fillColor=none;align=center;verticalAlign=middle;whiteSpace=wrap;rounded=0;" vertex="1" parent="1">
          <mxGeometry x="680" y="342" width="40" height="20" as="geometry"/>
        </mxCell>
        <mxCell id="MSJpkLhGvrQBcGJtNYs2-80" value="Yes" style="text;html=1;strokeColor=none;fillColor=none;align=center;verticalAlign=middle;whiteSpace=wrap;rounded=0;" vertex="1" parent="1">
          <mxGeometry x="803.5" y="234" width="40" height="20" as="geometry"/>
        </mxCell>
        <mxCell id="MSJpkLhGvrQBcGJtNYs2-104" style="edgeStyle=orthogonalEdgeStyle;rounded=0;orthogonalLoop=1;jettySize=auto;html=1;exitX=1;exitY=0.5;exitDx=0;exitDy=0;exitPerimeter=0;entryX=0;entryY=0.75;entryDx=0;entryDy=0;" edge="1" parent="1" source="MSJpkLhGvrQBcGJtNYs2-93" target="MSJpkLhGvrQBcGJtNYs2-42">
          <mxGeometry relative="1" as="geometry"/>
        </mxCell>
        <mxCell id="MSJpkLhGvrQBcGJtNYs2-93" value="&amp;gt; 10 VM Migrations" style="strokeWidth=2;html=1;shape=mxgraph.flowchart.decision;whiteSpace=wrap;" vertex="1" parent="1">
          <mxGeometry x="395.5" y="560" width="125" height="100" as="geometry"/>
        </mxCell>
        <mxCell id="MSJpkLhGvrQBcGJtNYs2-99" value="Yes" style="text;html=1;strokeColor=none;fillColor=none;align=center;verticalAlign=middle;whiteSpace=wrap;rounded=0;" vertex="1" parent="1">
          <mxGeometry x="511.5" y="583" width="40" height="20" as="geometry"/>
        </mxCell>
        <mxCell id="MSJpkLhGvrQBcGJtNYs2-100" value="No" style="text;html=1;strokeColor=none;fillColor=none;align=center;verticalAlign=middle;whiteSpace=wrap;rounded=0;" vertex="1" parent="1">
          <mxGeometry x="511.5" y="660" width="40" height="20" as="geometry"/>
        </mxCell>
      </root>
    </mxGraphModel>
  </diagram>
</mxfile>
