GovCloudGroup,GovCloudID,GovCloudAlias,CommercialGroup,CommercialID,CommercialAlias,CKID,VASIID,VAECID,ProjectShort,AppCode,ProjectName
,403941629314,,c-readonly,423386782741,vaec-payer1,763,2438,AWG20170915000,,ECS,VA Enterprise Payer
,,,c-readonly,263640665657,,1684,2438,AWG20230118001,SPM,ECS,AWS Savings Plan Management Vault
,,,c-readonly,306228765217,,109,2103,,,VGW,VAEC Digital Services Test Account
,268171240745,,c-readonly,793209916426,dsva-vetsgov-ew,109,2103,,,VGW,Digital Service VA - VetsGov
noaccess,853052220704,CensiTrac,,,,,,AWG20190604001,CENSITRAC,,CensiTrac
noaccess,415473649360,,,,,117,2198,,CCRA,CRA,Community Care Referrals and Authorizations
,227197368740,,c-us,122889607581,vaec-care2-dev,743,2247,AWG20200421001,CARE2,EVC,Enterprise Video Conferencing System
,365148040295,,c-us,995284947623,vaec-care2,743,2247,AWG20200421001,CARE2,EVC,Enterprise Video Conferencing System
,072802217310,,c-us,181937034199,vaec-care1,1289,2247,CWV20211115003,CVG,CVG,Care.VA.Gov
,274087295902,,c-us,275272061373,vaec-telestroke,1241,2834,AWG20210816001,TSS,TSS,Telestroke Support Systems
,044848461979,,c-us,512753631225,vaec-vcl,1466,2426,CWV20220509001,ECC-VCL,VCL,Enterprise Contact Center - Veterans Crisis Line
,,,c-us,452917632737,,1164,2517,,,AGL,VAEC 4M CONNECT Account
gov-a,008577686731,dsvagovcloud,c-readonly,201813651929,dsva,109,2103,AWG20180517003,Vets.gov,VGW,VA Vets.gov
gov-a,517339233599,dhgovcloudproductionaccount,,,,,,AWG20171020005,DHDQT,DQT,Diameter Health Data Quality Tool
gov-a,348286891446,core-gov-internal,c-readonly,878022744496,ecsb-high-support,763,2438,AWG20170915001,VAEC-GSS,ECS,AWS Gov General Support Service
gov-a,348021725816,security-gov-internal,c-readonly,917852447617,,763,2438,AWG20170915001,VAEC-GSS,ECS,AWS Gov General Support Service
gov-a,477270829360,securitylogs-gov-internal,c-readonly,501307048415,,763,2438,AWG20170915001,VAEC-GSS,ECS,AWS Gov General Support Service
gov-b,477194928391,devtest-gov-external,c-readonly,460514156203,,763,2438,AWG20170915001,VAEC-GSS,ECS,AWS Gov General Support Service
gov-b,272417811699,devtest-gov-internal,c-readonly,606973029050,vaecsb-support,763,2438,AWG20170915001,VAEC-GSS,ECS,AWS Gov General Support Service
gov-a,477244352852,nprod-gov-external,c-readonly,082551028634,,763,2438,AWG20170915001,VAEC-GSS,ECS,AWS Gov General Support Service
gov-a,477310831272,nprod-gov-internal,c-readonly,828836766013,,763,2438,AWG20170915001,VAEC-GSS,ECS,AWS Gov General Support Service
gov-a,477268651333,prod-gov-external,c-readonly,069891481102,,763,2438,AWG20170915001,VAEC-GSS,ECS,AWS Gov General Support Service
gov-a,347920099523,prod-gov-internal,c-readonly,433448268505,ecsb-sec-support,763,2438,AWG20170915001,VAEC-GSS,ECS,AWS Gov General Support Service
gov-a,558384143803,vaec-dt,c-readonly,074100262155,,472,2462,AWG20190726001,VA-DT,DYN,VA Dynatrace
gov-a,479075246528,vaec-scl,c-readonly,447115154927,,1235,2463,AWG20190927001,SCL,SCL,ScienceLogic
gov-a,558714365120,vaec-aws-gov-das,c-readonly,814257714332,,121,1979,AWG20171020004,DAS,DAS,Data Access Services
gov-a,311937954251,vaec-ecso-ops,c-readonly,756228640627,,189,2337,AWG20181030001,ECSO-OPS,KEY,VAEC CloudKey
gov-a,137258013298,vaec-mhv,c-readonly,221704082346,,188,1820,AWG20181101001,MHV,MHV,MyHealtheVet
gov-a,261727212250,vaec-bip-dev,c-readonly,284269065295,,180,2295,AWG20181011001,BIP,BIP,Benefits Integration Platform
gov-a,621261082401,vaec-bip-stg,c-readonly,274089179468,,180,2295,AWG20190114001,BIP,BIP,Benefits Integration Platform
gov-a,532813628429,vaec-bip-prod,c-readonly,803610766147,,180,2295,AWG20181214001,BIP,BIP,Benefits Integration Platform
gov-a,821563047990,vaec-vlm,c-readonly,468278526409,,217,2368,AWG20190326001,VLM,VLM,Veteran Legacy Memorial
gov-a,533575416491,dvp-gov-internal,c-readonly,149478487911,aws-dvp-prod-commercial,102,2196,AWG20171020006,DVP,DVP,Digital Veterans Platform
gov-a,558126025030,vaec-aws-gov-map,c-readonly,187931655893,,187,2313,AWG20171204001,MAP,MPP,Mobile Applications Program
gov-a,725587987368,vaec-aws-gov-vbms,c-readonly,569119715027,aws-vbms-commercial,138,1728,AWG20180406001,VBMS,VBM,Veterans Benefits Management System
gov-a,126468548038,vaec-aws-gov-emm,c-readonly,007663786807,,178,2416,AWG20181002001,EMM,MDM,Enterprise Mobility Management
gov-a,566232366943,vaec-aws-gov-icee,c-readonly,471937229826,,142,2517,AWG20171219001,ICEE,AGL,ITOPS Customer Experience Environment
gov-a,636359643995,vaec-valeri,c-readonly,384434190037,vaec-valeri,131,2227,AWG20171020019,VALERI,VAL,VA Loan Electronic Reporting Interface
gov-a,636418262128,vaec-lgy,c-readonly,402136851660,vaec-lgy,126,1489,AWG20180312001,LGY,LGY,Loan Guaranty SOAK/CI
gov-a,756382708238,vaec-vas,c-readonly,893086572626,,119,2243,AWG20180328001,VAS,VSR,VistA Audit Solution
gov-a,873629351884,vaec-aws-gov-valeaf,c-readonly,849699292269,,139,2195,AWG20180517002,VA-LEAF,LEA,Light Electronic Action Framework
gov-a,828541748511,vaec-aws-gov-hr-pas,c-readonly,465325947576,,163,2302,AWG20180622001,HR-PAS,PAS,Human Resources - Payroll and Application Services
gov-a,126603845192,vaec-aws-gov-hse,c-readonly,529806563326,,160,2238,AWG20181017003,HSE,HSH,EHRM Healthshare
gov-a,312195853225,smo-vista-poc,c-readonly,847996777971,,1411,1973,AWG20181017001,VISTA-POC,V1A,SMO - VistA Proof of Concept
gov-a,311421544014,vaec-vista-prod,c-readonly,238256063782,,1352,1973,AWG20181017002,VISTA-PROD,V1A,VistA Production
gov-a,364400509131,vaec-via-4m,c-readonly,176496652326,,741,1973,AWG20200402001,VISTA-4M,V1A,VistA 4th Mission
gov-a,463840922484,vaec-via-cprs,c-readonly,801186656050,,752,1973,AWG20200415001,VISTA-CPRS,V1A,VistA CPRS
gov-a,150620732311,vaec-ampl-gui,c-readonly,589232481872,,167,2301,AWG20180807001,AMPL-GUI,AMP,Advanced Medication Platform - Pharmacy Graphic User Interface
gov-a,140434612862,vaec-cpe-lab,c-readonly,745355040020,,165,2473,AWG20180801001,CPE-LAB,CPE,Capacity and Performance Engineering Lab Infrastructure
gov-a,432896750513,vaec-cms,c-readonly,528101445625,,181,1681,AWG20181119001,CMS,VGL,VA.GOV Content Management System
gov-a,597012547940,vaec-tbe,c-readonly,218928683224,,153,2347,AWG20190103001,TBE,TBE,Tapeless Backup Encryption
gov-a,606666420230,vaec-vaprofile,c-readonly,932852416425,,120,2203,AWG20190108001,VAPRO,V36,VA Profile
gov-a,630500792884,vaec-maveric,c-readonly,662797177632,,1,1930,AWG20190115001,MAVERIC,MCE,MAVERIC
gov-a,615495612818,vaec-scip,c-readonly,081522140115,,392,1899,AWG20190112001,SCIP,HIE,Standards and COTS Integration Platform
gov-a,659485066229,vaec-dst,c-readonly,408913491109,,93,2178,AWG20190128001,DST,DST,Decision Support Tool
gov-a,704651643345,vaec-inv,c-readonly,602898825708,,122,2283,AWG20170915002,GIS,INV,Geographic Information System
gov-a,669130532365,vaec-ecso-lab,c-readonly,340234256814,,758,2517,AWG20190212001,ECSO-LAB,AGL,ECSO Lab
gov-a,704651196980,vaec-arms,c-readonly,573152588570,,326,2311,AWG20190305001,ARMS,ARM,Appeals Resource Management System
gov-a,766933893188,vaec-ssnr,c-readonly,138463241635,,415,2436,AWG20190311001,SSNR,SSN,Social Security Number Reduction Tool
gov-a,821405215110,vaec-escreen,c-readonly,805679546080,,83,2297,AWG20190326002,ESCREEN,ESC,eScreening
gov-a,880636819966,vaec-gecdac,c-readonly,574105385713,,380,2457,AWG20190409001,GECDAC,GEC,Geriatrics and Extended Care Data Analytics Center
gov-a,880336364017,vaec-plms,c-readonly,203537551009,,393,2420,AWG20190409002,PLMS,PLM,Pathology Lab Medicine Service
gov-a,381651019174,vaec-vetride-nprod,c-readonly,612420532488,,436,2069,AWG20181228001,VETRIDE,VTR,VetRide
gov-a,767146737877,vaec-ensocare,c-readonly,195186314844,,387,2318,AWG20190307001,ENSOCARE,ENS,Ensocare Transition
gov-a,911296799132,vaec-vcs-mdm,c-readonly,524264347652,,207,2334,AWG20190410002,VCS-MDM,SCN,Veterans Canteen Service - Mobile Device Management
gov-a,926231971961,vaec-edu-lab,c-readonly,195679131599,,968,2517,AWG20190502001,EDU-LAB,AGL,EDU Test Automation Lab
gov-a,940676995568,vaec-jlv,c-readonly,265439354867,,172,2057,AWG20190522001,JLV,JLV,Joint Legacy Viewer
gov-a,049181275565,vaec-lipas,c-readonly,774757907266,,239,2404,AWG20190617001,LIPAS,LPS,Life Insurance Policy Administration Solution
gov-a,103562616025,vaec-mel,c-readonly,927925465466,,452,2113,AWG20190620001,MEL,MEL,Memorial Enterprise Letters
gov-a,118675242574,vaec-fos,c-readonly,597413822727,,1089,2517,AWG20190701001,FOS,AGL,Field Operations - Storage
gov-a,145239470961,vaec-pse-prod,c-readonly,975900628323,,474,2146,AWG20190715001,PSE,VBS,Patient Statement Enhancement
gov-a,796658571506,vaec-pse-dev,c-readonly,626791488850,,474,2146,AWG20190715001,PSE,VBS,Patient Statement Enhancement
gov-a,124858472090,vaec-dmva,c-readonly,586273748231,,441,2400,AWG20190731001,DMVA,DMA,Diffusion Marketplace VA
gov-a,278367118256,vaec-lgy-prod,c-readonly,683991423587,,126,1489,AWG20190826001,LGY,LGY,Loan Guaranty
gov-a,319256519897,vaec-vra,c-readonly,595494026109,,478,2419,AWG20190829001,E-VA,VRA,electronic Virtual Assistant
gov-a,363213961123,vaec-ces,c-readonly,111748311655,,304,2432,AWG20190808001,VAEES,CES,VA Enterprise Endpoint Security
gov-a,412819066487,vaec-ped-dev,c-readonly,220682443584,,259,2625,AWG20190911003,PED,PED,Payer Electronic Data Interchange Transactions Applications Suite
gov-a,227763086662,vaec-ped-prod,c-readonly,703080904697,,259,2625,AWG20190911003,PED,PED,Payer Electronic Data Interchange Transactions Applications Suite
gov-a,573886207372,vaec-vat,c-readonly,761162437032,,508,1677,AWG20191024001,VAT,VAT,VA Time and Attendance System
gov-a,037453786176,vaec-genisis,c-readonly,725399050429,,780,2135,AWG20210119002,GENISIS,GIS,Genomic Information System for Integrative Sciences
gov-a,738197571344,vaec-tbt-nprod,c-readonly,729509220493,,539,2497,AWG20200103001,TURBOT,TBT,VAEC Turbot
gov-a,804298029709,vaec-tbt-prod,c-us,206817820325,,539,2497,AWG20200103001,TURBOT,TBT,VAEC Turbot
gov-a,896113459726,vaec-das-cerner,c-readonly,032507479563,,650,1979,AWG20200210001,DAS-CERNER,DAS,Data Access Services - Cerner
gov-a,783659663922,vaec-das-cst,c-readonly,801938624373,,957,1979,AWG20201112001,DAS-CST,DAS,Data Access Services - Customer
gov-a,196556439667,vaec-das-red,c-readonly,294570558713,,1233,1979,AWG20210728001,DAS-RED,DAS,Data Access Services - Red Team
gov-a,196597863108,vaec-das-pdmp,c-readonly,099733943935,,1232,1979,AWG20210813001,DAS-PDMP,DAS,Data Access Services - Prescription Drug Modernization Program
gov-a,138554673716,vaec-das-pds,c-readonly,195511530353,,1285,1979,AWG20211129001,DAS-PDS,DAS,Data Access Services - Partner Data Services
gov-a,216537713971,vaec-das-qa,c-readonly,572246887368,,1489,1979,AWG20220818001,DAS-QA,DAS,Data Access Services - QA
gov-a,138234182433,vaec-twk,c-readonly,066320144103,,1308,2601,AWG20200313001,TWK,TWK,Telework
gov-a,112141638867,vaec-dlp-lab,c-readonly,310067467120,,658,2517,AWG20200409001,DLP-LAB,AGL,Data Loss Prevention - Lab
gov-a,909491825678,vaec-dlp-varonis,c-readonly,811691685768,,740,2544,AWG20200501001,DLP,DLP,Data Loss Prevention - Varonis
gov-a,805771895358,vaec-vmc,c-readonly,655177136785,,562,2531,AWG20200413001,VMC,VMC,VAEC VMWare
gov-a,909894062667,vaec-fti-nprod,c-readonly,671688735485,,768,1041,AWG20200526001,FTI,FTI,VETSNET - Federal Tax Information
gov-a,171844490023,vaec-fti-prod,c-readonly,277020067687,,768,1041,AWG20200526001,FTI,FTI,VETSNET - Federal Tax Information
gov-a,171875617347,vaec-notify,c-readonly,102870685774,,812,2103,AWG20200714002,NOTIFY,VGW,VA Notify
gov-a,171779755738,vaec-pios-lab,c-readonly,932287015922,,817,2517,AWG20200714003,PIOS-LAB,AGL,Platform Integration and Orchestration System - Lab
gov-a,145677516875,vaec-pals,c-readonly,578130090713,,776,2646,AWG20200731001,VAPALS-ELCAP,PAL,Lung Cancer Screening Management System
gov-a,327868542011,vaec-ccrs,c-readonly,747051225479,,10,2157,AWG20200812001,CCRS,CCN,Community Care Reimbursement System
gov-a,439631198817,vaec-dtc,c-readonly,587675484218,,885,2196,AWG20200918003,DTC,DVP,Digital Transformation Center Integration Platform
gov-a,676547028246,vaec-splunk,c-readonly,383767298469,,783,2049,AWG20201020001,SPLUNK,SPK,ECC Splunk
gov-a,705761070534,vaec-eekms,c-readonly,619125926541,,742,2248,AWG20200921001,EEKMS,KMS,Enterprise Encryption Key Management System
gov-a,719326303122,vaec-lga-nprod,c-readonly,447102130993,,888,2719,AWG20201021001,LGA,LGA,Loan Guaranty Analytics
gov-a,732522989798,vaec-lga-prod,c-readonly,884702128512,,888,2719,AWG20201021001,LGA,LGA,Loan Guaranty Analytics
gov-a,794956470897,vaec-vci,c-readonly,587730072290,,836,1752,AWG20201104001,VCI,VCT,Virtual Check-In
gov-a,909934998585,vaec-spd,c-readonly,634825699412,,912,2683,AWG20201203001,SPD,SPD,Synthetic Patient Data
gov-a,037373873733,vaec-hng,c-readonly,469458887664,,753,2715,AWG20210119001,HINGE,HNG,Health Information Gateway and Exchange
gov-a,851927841332,vaec-vapo,c-readonly,232272785683,,969,2618,AWG20210126001,VAPO,PIO,VA Platform One
gov-a,037370694808,vaec-vic,c-readonly,615542606335,,914,2201,AWG20210205001,VIC,BDC,Veterans Identification Card
gov-a,330333621974,vaec-hdr,c-readonly,522543249649,,653,1311,AWG20210329002,HDR,HDR,Health Data Repository
gov-a,397771689372,vaec-elc,c-readonly,489611610981,,1019,2771,AWG20210416003,DELPHI,ELC,Embarcadero License System - DelphiRAD
gov-a,397704231490,vaec-brvs,c-readonly,465662947070,,458,1064,AWG20190626001,BRVS,BRS,Blind Rehabilitation
gov-a,422279614482,vaec-cps,c-readonly,608705742559,,864,1084,AWG20210506001,CPS,PBM,CMOP Pharmaceutical System
gov-a,397582302769,vaec-ves,c-readonly,742645639737,,318,1231,AWG20190122001,VES,ESR,VHA Enrollment System
gov-a,531373766564,vaec-pharmcs,c-readonly,861297158842,,1077,1190,AWG20210518001,PHARM-CS,PDU,VistA Pharmacy Controlled Substances
gov-a,575105456804,vaec-par,c-readonly,854785782410,,1068,2523,AWG20210603001,PAR,PAR,PAR Excellence
gov-a,598160410952,vaec-edl,c-readonly,183207976638,,844,2818,AWG20210804001,EDL,EDL,Enterprise Data Lake
gov-a,397593778880,vaec-ncptsdbb,c-readonly,713291572073,,906,2661,AWG20210527001,NCPTSDBB,PTS,PTSD Brain Bank
gov-a,014168171739,vaec-ioss,c-readonly,308488747111,,980,2721,AWG20210622001,IOSS,OBS,Observsmart Invisalert Solutions
gov-a,016134983543,vaec-cpm,c-readonly,075596511079,,1101,2769,AWG20210706001,CPM,CPM,Covid-19 Patient Manager
gov-a,280359152916,vaec-cls,c-readonly,398292431826,,763,2438,AWG20170915001,CLS,ECS,Centralized Logging Solution
gov-a,358683677404,vaec-vim,c-readonly,022516254612,,1218,1328,AWG20210816002,VIM,VIM,VistA Imaging DR
gov-a,395226019004,vaec-redcap,c-readonly,066847158611,,1095,2217,AWG20210805001,REDCAP,RCP,Research Electronic Data Capture
gov-a,461921442292,vaec-ldx-dev,c-readonly,196841489551,,1214,2196,AWG20210826001,LDX,LDX,Lighthouse DX
gov-a,461893774470,vaec-ldx-nprod,c-readonly,505512564636,,1214,2196,AWG20210826001,LDX,LDX,Lighthouse DX
gov-a,461889958881,vaec-ldx-prod,c-readonly,681712926459,,1214,2196,AWG20210826001,LDX,LDX,Lighthouse DX
gov-a,630836298479,vaec-sdp,c-readonly,688113552733,,1215,2266,AWG20210830002,SDP,VDW,Summit Data Platform
gov-a,630737075011,vaec-idm,c-readonly,329554193760,,1236,2830,AWG20210908002,IDM,DBM,Imperva Database Monitoring
gov-a,037357444815,vaec-tablo-prod,c-readonly,714136127179,,946,2669,AWG20211008001,TABLO,TKD,Tablo Hemodialysis System and Software Ecosystem
gov-a,692402307069,vaec-tablo-nprod,c-readonly,839009638347,,946,2669,AWG20211008001,TABLO,TKD,Tablo Hemodialysis System and Software Ecosystem
gov-a,311550469719,vaec-cdm,c-readonly,514878604032,,978,2742,AWG20210908003,CDM,CDD,CDM Dashboard
gov-a,638134082812,vaec-dte,c-readonly,364787316314,,1098,2784,AWG20210924001,DTE,DSO,DevSecOps Tools Enclave
gov-a,764217309810,vaec-epsi,c-readonly,141677068852,,1240,2829,AWG20211013001,EPSI,PSI,Enterprise Precision Scanning and Indexing
gov-a,060784737720,vaec-visage,c-readonly,276581009914,,1227,2517,GWL20211006001,Visage,AGL,Visage PACS System
gov-a,120787747927,vaec-praedico,c-readonly,396887830804,,1253,2279,AWG20211112001,PRAEDICO,PRA,Praedico
gov-a,120944537232,vaec-dsm,c-readonly,256008969035,,1169,2028,AWG20211112002,DSM,DIR,Direct Secure Messaging
gov-a,329467363344,vaec-myva411,c-readonly,415539616449,,1337,2438,AWG20220121001,MYVA411,411,MyVA411 Interactive Voice Response
gov-a,328712422572,vaec-cts,c-readonly,057475241853,,1249,2854,AWG20220110001,CTS,CTS,Clinical Trial Selector
gov-a,539853382036,vaec-ccnncpp,c-readonly,004430329570,,373,2468,AWG20220128001,CCNNCPP,CNC,CCNNC Provider Portal
gov-a,540005858649,vaec-hba,c-readonly,273703238106,,1305,2871,AWG20220217002,HBA,HBA,Heuristic Behavioral Analytics
gov-a,550600408226,vaec-webstair,c-readonly,467402720523,,1220,2840,AWG20220217001,WEBSTAIR,W3B,Web Skill Training in Affect and Interpersonal Regulation
gov-a,501436447516,vaec-parable,c-readonly,637221554747,,1306,2226,AWG20220215001,PARABLE,PBL,3D Wound Care Management Solution - Parable
gov-a,769707208448,vaec-whm,c-readonly,563296924100,,1179,2852,AWG20220323001,WHM,LWH,Whole Health Mobile Application
gov-a,018743596699,vaec-docmp,c-readonly,072794410827,,1295,2876,AWG20220415003,DOCMP,DOP,Delivery Operations Claims Management Platform
gov-a,054994436738,vaec-boss-e,c-readonly,467832059017,,569,1069,AWG20220426001,BOSS-E,MEM,Burial Operations Support System
gov-a,067157829131,vaec-est,c-readonly,049234332591,,1396,2663,AWG20220506001,EST,EST,Enterprise Services Toolbox
gov-a,089339873864,vaec-cpdhp,c-readonly,165642320894,,1247,2848,AWG20220518001,CPDHP,VCP,Venous Care Pathway Digital Health Platform
gov-a,094737541415,vaec-hcm-dw,c-readonly,788015684596,,889,2904,AWG20220502001,HCM-DW,HCD,Human Capital Management-Data Warehouse
gov-a,129690215397,vaec-ars,c-readonly,773727331231,,1310,2235,AWG20220629001,ARS,AR1,Attachments Retrieval System
gov-a,143813527442,vaec-spgp,c-readonly,276400525634,,1468,2929,AWG20220630001,SPGP,SSG,Staff Sgt Gordon Fox Suicide Prevention Grant Data Collection Tool
gov-a,170319605050,vaec-apt,c-readonly,155229106315,,1482,2517,GWL20220713001,APT,AGL,Automation Pathway Tools
gov-a,176692078583,vaec-vcpl,c-readonly,883915892179,,1288,2806,AWG20220715001,VCPL,VLB,Veteran Co-payment Lockbox
gov-a,239516274380,vaec-cie,c-readonly,392057504714,,1274,2864,AWG20220824001,CIE,CIE,Check-In Experience
gov-a,239567519402,vaec-cdr,c-readonly,275676021470,,1464,2936,AWG20220829001,CDR,CDR,Integrated Veterans Care Centralized Data Repository
gov-a,267204285635,vaec-cpe,c-readonly,423443151959,,1572,1903,AWG20220920001,CPE,CP1,Claims Processing and Eligibility System
gov-a,270631912546,vaec-ncptsddt,c-readonly,976982291214,,1576,,AWG20220919001,NCPTSDDT,DT1,National Center for PTSD DT Archive
gov-a,272003346890,vaec-vis,c-readonly,581914580505,,1451,1745,AWG20220921001,VIS,VIS,Veterans Information Solution
gov-a,004900401666,vaec-vadir,c-readonly,691449016002,,417,1682,AWG20220928001,VADIR,VDR,VA/DOD Identity Repository
gov-a,278059321056,vaec-vcl-medora,c-readonly,070837374346,,1505,1619,AWG20220916001,VCL,VCL,Veterans Crisis Line - MEDORA
gov-a,001107580348,vaec-valip,c-readonly,054540966045,,1484,2942,AWG20220922001,VALIP,VLP,Veteran Affairs Logistics Integration Platform
gov-a,015049098315,vaec-cyberark,c-readonly,405997184807,,1082,2448,AWG20220929001,CYBERARK,CYA,Privileged Access Control Solution - CyberArk
gov-a,057630073151,vaec-cfm-lab,c-readonly,243907573143,,1594,2517,GWL20221115002,CFM-LAB,AGL,Construction and Facilities Management - Lab
gov-a,065403089830,vaec-caseflow-nprod,c-readonly,720166755591,,108,2114,AWG20180405001,CASEFLOW,CF1,Caseflow
gov-a,065443159001,vaec-caseflow-prod,c-readonly,532913849101,,108,2114,AWG20180405001,CASEFLOW,CF1,Caseflow
gov-a,073126501177,vaec-mlds,c-readonly,420515196256,,1554,2515,AWG20221213001,MLDS,AIM,Machine Learning Decision Support
gov-a,078620075289,vaec-vaprofile-dev,c-readonly,033945491119,,120,2203,AWG20190108001,VAPRO,V36,VA Profile
gov-a,078610724442,vaec-vaprofile-int,c-readonly,921861322938,,120,2203,AWG20190108001,VAPRO,V36,VA Profile
gov-a,078575126882,vaec-vaprofile-qa,c-readonly,610774403075,,120,2203,AWG20190108001,VAPRO,V36,VA Profile
gov-a,078568755413,vaec-vaprofile-preprod,c-readonly,524028409068,,120,2203,AWG20190108001,VAPRO,V36,VA Profile
gov-a,078523109999,vaec-vaprofile-prod,c-readonly,342654727359,,120,2203,AWG20190108001,VAPRO,V36,VA Profile
gov-a,086607323206,vaec-npo,c-readonly,108962121167,,1526,2960,AWG20221222002,NPO,NPO,Non-VA Prescription Ordering Tool
gov-a,087789747899,vaec-vna,c-readonly,482290190000,,1137,2910,AWG20221223001,VNA,VNA,PACS Vendor Neutral Archive
gov-a,073176652764,vaec-dms-lab,c-readonly,218800870302,,1634,2517,GWL20221221002,DMS,AGL,Database Management Service Line
gov-a,072229776169,vaec-wed,c-readonly,215217231486,,1649,2438,AWG20230103001,WED,WED,Workstream Expediter Dashboard
gov-a,102015136265,vaec-cfl,c-readonly,240150124385,,1631,3040,AWG20230111001,CFL,CFL,Caregiver Finance and Legal Services
gov-a,110306711311,vaec-cas-lab,c-readonly,461714681681,,1628,2517,GWL20230118003,CAS-LAB,AGL,ECSO CAS Lab
gov-a,108194490027,vaec-ecso-demo,c-readonly,526048360639,,1666,2517,AWG20230118002,ECSO-DEMO,AGL,ECSO SOP Demo
gov-a,116485932312,vaec-simvet,c-readonly,023351733597,,1430,2967,AWG20230130001,SVT,SVT,SimVET
gov-a,136921339394,vaec-cies,c-readonly,038715410346,,1677,1328,AWG20230216002,CIES,VIM,Community Image Exchange Service
gov-a,136925442352,vaec-iaams,c-readonly,926105202327,,1331,2957,AWG20230216001,IAAMS,DCE,Infrastructure as a Managed Service
gov-a,152793237206,vaec-lgy-mod-dev,c-readonly,577594481813,,1701,1489,AWG20230223002,LGY,LGY,Loan Guaranty Modernization
gov-a,165384318795,vaec-lgy-mod-sandbox,c-readonly,349732042125,,1701,1489,AWG20230223002,LGY,LGY,Loan Guaranty Modernization
gov-a,165393033356,vaec-lgy-mod-mgmt,c-readonly,721285597858,,1701,1489,AWG20230223002,LGY,LGY,Loan Guaranty Modernization
gov-a,163542960125,vaec-bep,c-readonly,140341153468,,1683,1898,AWG20230310001,BEP,BEP,Benefits Enterprise Platform
gov-a,152761312212,vaec-outposts-pitc,c-readonly,408810320269,,979,,,,,AWS Outposts PITC
,812700926550,vaec-visn22-pacs,c-readonly,548442088031,,616,,,,,
,531356284255,vaec-i2v,,390207782268,,1187,,,I2V,,Immersive and Interactive Visualization
closed,116485333287,vaec-sterling,c-suspended,907959448182,,1600,2625,AWG20230203001,STERLING,PED,IBM Sterling
closed,014280839434,vaec-shre,c-suspended,495512562472,,1042,2765,AWG20210628002,SHRE,SRE,Secure Health and Research Environment
closed,531452362324,vaec-dml-prod,closed,913631722746,,1191,2433,AWG20210625001,DMLSS,DML,DMLSS VAEC Enclave Production
closed,670971868892,vaec-dml,closed,107028245065,,507,2238,AWG20191107002,DMLSS,DML,Defense Medical Logistics Standard Support
closed,353761027637,vaec-ccpi,closed,235244149281,,1079,2805,AWG20220121002,CCD,CDB,CCPI Cloud Database
closed,150714541413,vaec-ch33-lts,closed,120437748345,,170,1105,AWG20180807003,CH33-LTS,TAL,Chapter 33 - Long Term Solution
closed,192765833553,vaec-ars-prod,closed,078957595064,,1310,2235,AWG20220629001,ARS,AR1,Attachments Retrieval System
closed,950014124004,vaec-svn-mid,closed,805493448481,,800,2231,AWG20200609001,SVN,SVN,ServiceNow MID
closed,274653520840,vaec-cmdblab-prod,closed,399279856999,,800,2231,AWG20200609001,SVN,SVN,ServiceNow CMDB Lab - Production
closed,185787065229,vaec-svn,closed,055339262878,,549,2231,AWG20200623002,SNOW,SVN,VACO IT Service Management Workflow
closed,003669247362,,closed,917206026833,,979,,,,,AWS Outposts Account
closed,055850741655,vaec-edp,closed,941373708159,,714,2517,AWG20200320003,EDP,AGL,Enterprise Design Pattern
closed,864437653072,vaec-dcv,closed,223440790675,,641,2540,AWG20200131001,DCV,DCV,Data Center Visualization
closed,849244078403,,closed,330448519488,,,,,,,VAEC EDE Account
closed,278316146264,,closed,750966232843,,,,,,,VAEC IO Platforms Project Account
closed,558261197960,vaec-aws-gov-asd,closed,168636068469,,1158,,AWG20171201001,ASD,,ASD Design Patterns
closed,112326370855,vaec-ehrm-lab,closed,789137006530,,,,,,,VAEC EHRM Lab Account
closed,059429173304,,closed,537178166285,,,,,,,VAEC V3 Account
closed,481476089909,vaec-rwa,closed,419696136542,,843,2659,AWG20200902001,RWA,RWA,Redaction Web Application
closed,169145274161,vaec-ets-vmware-dr,closed,351631043173,,28,2447,AWG20180814001,ETSVMDR,ETV,Enterprise Testing Service VMWare Disaster Recovery
closed,319310186548,vaec-rds,closed,782887564423,,451,2445,AWG20190903001,RDS,RDS,Research Data Storage
closed,001888506713,vaec-dml-enclave,closed,037449075950,,1001,2433,AWG20210106001,DMLSS,DML,DMLSS VAEC Enclave
closed,558247473435,vaec-aws-gov-ccra,closed,282095174745,,117,2198,AWG20171020003,CCRA,CRA,Community Care Referrals and Authorizations
closed,454107211177,vaec-dsk,closed,832959105494,,757,2648,AWG20200528001,DSK,DSK,WorkSpaces
closed,767266298358,vaec-fsc-dev,closed,288110404797,,1090,,AWG20190306001,FSC,,Financial Services Center
closed,767731245262,vaec-fsc-stg,closed,240506508122,,1090,,AWG20190306001,FSC,,Financial Services Center
closed,767620312440,vaec-fsc-prod,closed,811118069597,,1090,,AWG20190306001,FSC,,Financial Services Center
closed,819537423316,vaec-aws-gov-vam,closed,436384543571,,129,2242,AWG20180423001,VAM,CVS,VistA Adaptive Maintenance
closed,319118869727,vaec-gis,closed,408065534619,,459,2135,AWG20190809001,GENISIS,GIS,Genomic Information System for Integrative Sciences
closed,530898894951,vaec-rational,closed,760574419767,,96,2264,AWG20201005001,RATIONAL,IRA,Rational
closed,268068195285,,closed,718293646948,,109,,,,,ds-project-account va-aws-appeals@va.gov
closed,307597992419,vaec-cas-mpdu,closed,685807504722,,290,,AWG20181025001,CAS-MPDU,,Clinical Ancillary Services - Medical Prescription Dispensing Unit
closed,150638360560,vaec-bio-bis,closed,343769869507,,1329,,AWG20180807002,BIO-BIS,,Business Information Office - Business Intelligence Solution
closed,616919393634,vaec-coms-chemo,closed,052288386842,,225,,AWG20190111001,COMS,COM,Chemotherapy Order Management System
closed,767108964141,vaec-rona,closed,553384156832,,90,,AWG20190308001,RONA,RON,Release of Names and Addresses
closed,267756392930,dsva-cui,closed,441015415999,,144,,AWG20180517001,CUI,,Clinical User Interface
closed,725632859009,vaec-aws-gov-evss,closed,519598801514,,152,,AWG20180525001,EVSS,,Enterprise Veterans Self Service Portal Platform
closed,008069538339,vaec-cv,closed,601703916210,,171,,AWG20190522002,CV,GTD,Community Viewer
closed,382097989328,vaec-iep,closed,745152758180,,481,,AWG20190823001,IEP,IEP,Inbound ePrescribing
closed,394482620636,vaec-smo-cots-poc,closed,421354575761,,,,AWG20181105001,SMO-COTS-POC,,SMO - COTS Proof of Concept
closed,725640164748,vaec-smo-vista-ecso,closed,674800680651,,,,AWG20181024001,VISTA-ECSO,,SMO - VistA ECSO
closed,880469642952,vaec-ccs,closed,829856458539,,94,,AWG20190410001,CCS,,Contact Center Sandbox
closed,082390494820,vaec-das-3m,closed,907731407071,,837,,AWG20200714001,DAS-3M,HSP,Data Access Services - 3M HSP/NLP
closed,557937651116,vaec-aws-gov-ea6,closed,165584239540,,301,,AWG20171020020,Eagle6,,Eagle6 - VistA Security Scanning
